id,name,sku,price,regular_price,sale_price
46872,"BRE-3 Rectangular - 1.5m x 0.9m, B11518",BRE-3-1500-B11518,1050,1050,
46873,"BRE-3 Rectangular - 1.8m x 1.0m, B11518",BRE-3-1800-B11518,1600,1600,
46871,"BRE-3 Rectangular - 2.1m x 1.1m, B11518",BRE-3-2100-B11518,2200,2200,
46875,"BRE-5 Rectangular - 1.5m x 0.9m, B11518",BRE-5-1500-B11518,1050,1050,
46877,"BRE-5 Rectangular - 1.8m x 1.0m, B11518",BRE-5-1800-B11518,1600,1600,
46874,"BRE-5 Rectangular - 2.1m x 1.1m, B11518",BRE-5-2100-B11518,2200,2200,
46879,"BRE-6 Rectangular - 1.8m x 1.0m, B11518",BRE-6-1800-B11518,1600,1600,
46880,"BRE-6 Rectangular - 2.1m x 1.1m, B11518",BRE-6-2100-B11518,2200,2200,
46878,"BRE-6 Rectangular - 2.4m x 1.2m, B11518",BRE-6-2400-B11518,4150,4150,
46882,"BRE-7 Rectangular - 1.8m x 1.0m, B11518",BRE-7-1800-B11518,1600,1600,
46883,"BRE-7 Rectangular - 2.1m x 1.1m, B11518",BRE-7-2100-B11518,2200,2200,
46881,"BRE-7 Rectangular - 2.4m x 1.2m, B11518",BRE-7-2400-B11518,4150,4150,
126413,"BRE-9 Rectangular - 1.5m x 0.9m, B11518",BRE-9-1500-B11518,1050,1050,
126462,"BRE-9 Rectangular - 1.8m x 1.0m, B11518",BRE-9-1800-B11518,1600,1600,
126509,"BRE-9 Rectangular - 2.1m x 1.1m, B11518",BRE-9-2100-B11518,2200,2200,
126557,"BRE-9 Rectangular - 2.4m x 1.2m, B11518",BRE-9-2400-B11518,4150,4150,
46885,"BRE-8 Oval - B11518, 1.8m x 1.0m",BRE-8-1800-B11518,1600,1600,
46886,"BRE-8 Oval - B11518, 2.1m x 1.1m",BRE-8-2100-B11518,2200,2200,
46884,"BRE-8 Oval - B11518, 2.4m x 1.2m",BRE-8-2400-B11518,4150,4150,
46859,"BR-3 Round - Ø1.3m, B11518",BR-3-1300-B11518,1500,1500,
46860,"BR-3 Round - Ø1.5m, B11518",BR-3-1500-B11518,2000,2000,
46861,"BR-3 Round - Ø1.8m, B11518",BR-3-1800-B11518,3600,3600,
46862,"BR-4 Round - Ø1.3m, B11518",BR-4-1300-B11518,1500,1500,
46863,"BR-4 Round - Ø1.5m, B11518",BR-4-1500-B11518,2000,2000,
46864,"BR-4 Round - Ø1.8m, B11518",BR-4-1800-B11518,4300,4300,
51708,"BR-5 Round - Ø1.0m, B11518",BR-5-1000-B11518,980,980,
46854,"BR-5 Round - Ø1.3m, B11518",BR-5-1300-B11518,1500,1500,
46855,"BR-5 Round - Ø1.5m, B11518",BR-5-1500-B11518,2000,2000,
46856,"BR-5 Round - Ø1.8m, B11518",BR-5-1800-B11518,4300,4300,
125722,"BR-7 Round - Ø1.0m, B11518",BR-7-1000-B11518,980,980,
125752,"BR-7 Round - Ø1.3m, B11518",BR-7-1300-B11518,1500,1500,
125782,"BR-7 Round - Ø1.5m, B11518",BR-7-1500-B11518,2000,2000,
125812,"BR-7 Round - Ø1.8m, B11518",BR-7-1800-B11518,4300,4300,
46865,BS-1 Square - B11518,BS-1-B11518,2100,2100,
46865,BS-1 Square - B11518,BS-1-B11518,2100,2100,
46865,BS-1 Square - B11518,BS-1-B11518,2100,2100,
46865,BS-1 Square - B11518,BS-1-B11518,2100,2100,
46865,BS-1 Square - B11518,BS-1-B11518,2100,2100,
46865,BS-1 Square - B11518,BS-1-B11518,2100,2100,
46865,BS-1 Square - B11518,BS-1-B11518,2100,2100,
46865,BS-1 Square - B11518,BS-1-B11518,2100,2100,
46865,BS-1 Square - B11518,BS-1-B11518,2100,2100,
46865,BS-1 Square - B11518,BS-1-B11518,2100,2100,
46867,BT-1 Triangle - B11518,BT-1-B11518,2200,2200,
46867,BT-1 Triangle - B11518,BT-1-B11518,2200,2200,
46867,BT-1 Triangle - B11518,BT-1-B11518,2200,2200,
46867,BT-1 Triangle - B11518,BT-1-B11518,2200,2200,
46867,BT-1 Triangle - B11518,BT-1-B11518,2200,2200,
46867,BT-1 Triangle - B11518,BT-1-B11518,2200,2200,
46867,BT-1 Triangle - B11518,BT-1-B11518,2200,2200,
46867,BT-1 Triangle - B11518,BT-1-B11518,2200,2200,
46867,BT-1 Triangle - B11518,BT-1-B11518,2200,2200,
46867,BT-1 Triangle - B11518,BT-1-B11518,2200,2200,
121154,Adeline Ash Wood Base,WLR-4A,1600,1600,
121154,Adeline Ash Wood Base,WLR-4A,1600,1600,
121154,Adeline Ash Wood Base,WLR-4A,1600,1600,
121154,Adeline Ash Wood Base,WLR-4A,1600,1600,
121154,Adeline Ash Wood Base,WLR-4A,1600,1600,
121154,Adeline Ash Wood Base,WLR-4A,1600,1600,
121154,Adeline Ash Wood Base,WLR-4A,1600,1600,
121154,Adeline Ash Wood Base,WLR-4A,1600,1600,
121154,Adeline Ash Wood Base,WLR-4A,1600,1600,
121154,Adeline Ash Wood Base,WLR-4A,1600,1600,
143079,Jazz Stainless Steel Base,SLR-07,3350,3350,
143079,Jazz Stainless Steel Base,SLR-07,3350,3350,
143079,Jazz Stainless Steel Base,SLR-07,3350,3350,
143079,Jazz Stainless Steel Base,SLR-07,3350,3350,
143079,Jazz Stainless Steel Base,SLR-07,3350,3350,
143079,Jazz Stainless Steel Base,SLR-07,3350,3350,
143079,Jazz Stainless Steel Base,SLR-07,3350,3350,
143079,Jazz Stainless Steel Base,SLR-07,3350,3350,
143079,Jazz Stainless Steel Base,SLR-07,3350,3350,
143079,Jazz Stainless Steel Base,SLR-07,3350,3350,
143081,Optimus Stainless Steel Base,SLR-06,3100,3100,
143081,Optimus Stainless Steel Base,SLR-06,3100,3100,
143081,Optimus Stainless Steel Base,SLR-06,3100,3100,
143081,Optimus Stainless Steel Base,SLR-06,3100,3100,
143081,Optimus Stainless Steel Base,SLR-06,3100,3100,
143081,Optimus Stainless Steel Base,SLR-06,3100,3100,
143081,Optimus Stainless Steel Base,SLR-06,3100,3100,
143081,Optimus Stainless Steel Base,SLR-06,3100,3100,
143081,Optimus Stainless Steel Base,SLR-06,3100,3100,
143081,Optimus Stainless Steel Base,SLR-06,3100,3100,
125012,Noa Stainless Steel Base,SLR-01,2000,2000,
125012,Noa Stainless Steel Base,SLR-01,2000,2000,
125012,Noa Stainless Steel Base,SLR-01,2000,2000,
125012,Noa Stainless Steel Base,SLR-01,2000,2000,
125012,Noa Stainless Steel Base,SLR-01,2000,2000,
125012,Noa Stainless Steel Base,SLR-01,2000,2000,
125012,Noa Stainless Steel Base,SLR-01,2000,2000,
125012,Noa Stainless Steel Base,SLR-01,2000,2000,
125012,Noa Stainless Steel Base,SLR-01,2000,2000,
125012,Noa Stainless Steel Base,SLR-01,2000,2000,
125020,Xyla Metal Base (Black Glossy),SLR-03,1500,1500,
125020,Xyla Metal Base (Black Glossy),SLR-03,1500,1500,
125020,Xyla Metal Base (Black Glossy),SLR-03,1500,1500,
125020,Xyla Metal Base (Black Glossy),SLR-03,1500,1500,
125020,Xyla Metal Base (Black Glossy),SLR-03,1500,1500,
125020,Xyla Metal Base (Black Glossy),SLR-03,1500,1500,
125020,Xyla Metal Base (Black Glossy),SLR-03,1500,1500,
125020,Xyla Metal Base (Black Glossy),SLR-03,1500,1500,
125020,Xyla Metal Base (Black Glossy),SLR-03,1500,1500,
125020,Xyla Metal Base (Black Glossy),SLR-03,1500,1500,
135160,Xyler Metal Base (Black Glossy),SLR-03B,1900,1900,
135160,Xyler Metal Base (Black Glossy),SLR-03B,1900,1900,
135160,Xyler Metal Base (Black Glossy),SLR-03B,1900,1900,
135160,Xyler Metal Base (Black Glossy),SLR-03B,1900,1900,
135160,Xyler Metal Base (Black Glossy),SLR-03B,1900,1900,
135160,Xyler Metal Base (Black Glossy),SLR-03B,1900,1900,
135160,Xyler Metal Base (Black Glossy),SLR-03B,1900,1900,
135160,Xyler Metal Base (Black Glossy),SLR-03B,1900,1900,
135160,Xyler Metal Base (Black Glossy),SLR-03B,1900,1900,
135160,Xyler Metal Base (Black Glossy),SLR-03B,1900,1900,
126829,Yetalyn Stainless Steel Base,SLR-02-1,1800,1800,
126829,Yetalyn Stainless Steel Base,SLR-02-1,1800,1800,
126829,Yetalyn Stainless Steel Base,SLR-02-1,1800,1800,
126829,Yetalyn Stainless Steel Base,SLR-02-1,1800,1800,
126829,Yetalyn Stainless Steel Base,SLR-02-1,1800,1800,
126829,Yetalyn Stainless Steel Base,SLR-02-1,1800,1800,
126829,Yetalyn Stainless Steel Base,SLR-02-1,1800,1800,
126829,Yetalyn Stainless Steel Base,SLR-02-1,1800,1800,
126829,Yetalyn Stainless Steel Base,SLR-02-1,1800,1800,
126829,Yetalyn Stainless Steel Base,SLR-02-1,1800,1800,
125022,Xylia Metal Base (Black Glossy),SLRE-03,1600,1600,
125022,Xylia Metal Base (Black Glossy),SLRE-03,1600,1600,
125022,Xylia Metal Base (Black Glossy),SLRE-03,1600,1600,
125022,Xylia Metal Base (Black Glossy),SLRE-03,1600,1600,
125022,Xylia Metal Base (Black Glossy),SLRE-03,1600,1600,
125022,Xylia Metal Base (Black Glossy),SLRE-03,1600,1600,
125022,Xylia Metal Base (Black Glossy),SLRE-03,1600,1600,
125022,Xylia Metal Base (Black Glossy),SLRE-03,1600,1600,
125022,Xylia Metal Base (Black Glossy),SLRE-03,1600,1600,
125022,Xylia Metal Base (Black Glossy),SLRE-03,1600,1600,
121156,Cora Ash Wood Base,WLRE-1A,1500,1500,
121156,Cora Ash Wood Base,WLRE-1A,1500,1500,
121156,Cora Ash Wood Base,WLRE-1A,1500,1500,
121156,Cora Ash Wood Base,WLRE-1A,1500,1500,
121156,Cora Ash Wood Base,WLRE-1A,1500,1500,
121156,Cora Ash Wood Base,WLRE-1A,1500,1500,
121156,Cora Ash Wood Base,WLRE-1A,1500,1500,
121156,Cora Ash Wood Base,WLRE-1A,1500,1500,
121156,Cora Ash Wood Base,WLRE-1A,1500,1500,
121156,Cora Ash Wood Base,WLRE-1A,1500,1500,
141373,Lavato Solid Rubberwood Base,WLRE-6A,1900,1900,
141373,Lavato Solid Rubberwood Base,WLRE-6A,1900,1900,
141373,Lavato Solid Rubberwood Base,WLRE-6A,1900,1900,
141373,Lavato Solid Rubberwood Base,WLRE-6A,1900,1900,
141373,Lavato Solid Rubberwood Base,WLRE-6A,1900,1900,
141373,Lavato Solid Rubberwood Base,WLRE-6A,1900,1900,
141373,Lavato Solid Rubberwood Base,WLRE-6A,1900,1900,
141373,Lavato Solid Rubberwood Base,WLRE-6A,1900,1900,
141373,Lavato Solid Rubberwood Base,WLRE-6A,1900,1900,
141373,Lavato Solid Rubberwood Base,WLRE-6A,1900,1900,
121158,Coral Ash Wood Base,WLRE-1B,1750,1750,
121158,Coral Ash Wood Base,WLRE-1B,1750,1750,
121158,Coral Ash Wood Base,WLRE-1B,1750,1750,
121158,Coral Ash Wood Base,WLRE-1B,1750,1750,
121158,Coral Ash Wood Base,WLRE-1B,1750,1750,
121158,Coral Ash Wood Base,WLRE-1B,1750,1750,
121158,Coral Ash Wood Base,WLRE-1B,1750,1750,
121158,Coral Ash Wood Base,WLRE-1B,1750,1750,
121158,Coral Ash Wood Base,WLRE-1B,1750,1750,
121158,Coral Ash Wood Base,WLRE-1B,1750,1750,
143083,Arcee Stainless Steel Base,SLRE-06,2600,2600,
143083,Arcee Stainless Steel Base,SLRE-06,2600,2600,
143083,Arcee Stainless Steel Base,SLRE-06,2600,2600,
143083,Arcee Stainless Steel Base,SLRE-06,2600,2600,
143083,Arcee Stainless Steel Base,SLRE-06,2600,2600,
143083,Arcee Stainless Steel Base,SLRE-06,2600,2600,
143083,Arcee Stainless Steel Base,SLRE-06,2600,2600,
143083,Arcee Stainless Steel Base,SLRE-06,2600,2600,
143083,Arcee Stainless Steel Base,SLRE-06,2600,2600,
143083,Arcee Stainless Steel Base,SLRE-06,2600,2600,
143094,Cyclonus Metal Base,MLRE-03,2200,2200,
143094,Cyclonus Metal Base,MLRE-03,2200,2200,
143094,Cyclonus Metal Base,MLRE-03,2200,2200,
143094,Cyclonus Metal Base,MLRE-03,2200,2200,
143094,Cyclonus Metal Base,MLRE-03,2200,2200,
143094,Cyclonus Metal Base,MLRE-03,2200,2200,
143094,Cyclonus Metal Base,MLRE-03,2200,2200,
143094,Cyclonus Metal Base,MLRE-03,2200,2200,
143094,Cyclonus Metal Base,MLRE-03,2200,2200,
143094,Cyclonus Metal Base,MLRE-03,2200,2200,
143091,Grimlock Metal Base,MLRE-02,2500,2500,
143091,Grimlock Metal Base,MLRE-02,2500,2500,
143091,Grimlock Metal Base,MLRE-02,2500,2500,
143091,Grimlock Metal Base,MLRE-02,2500,2500,
143091,Grimlock Metal Base,MLRE-02,2500,2500,
143091,Grimlock Metal Base,MLRE-02,2500,2500,
143091,Grimlock Metal Base,MLRE-02,2500,2500,
143091,Grimlock Metal Base,MLRE-02,2500,2500,
143091,Grimlock Metal Base,MLRE-02,2500,2500,
143091,Grimlock Metal Base,MLRE-02,2500,2500,
143087,Hound Metal Base,MLRE-01,2100,2100,
143087,Hound Metal Base,MLRE-01,2100,2100,
143087,Hound Metal Base,MLRE-01,2100,2100,
143087,Hound Metal Base,MLRE-01,2100,2100,
143087,Hound Metal Base,MLRE-01,2100,2100,
143087,Hound Metal Base,MLRE-01,2100,2100,
143087,Hound Metal Base,MLRE-01,2100,2100,
143087,Hound Metal Base,MLRE-01,2100,2100,
143087,Hound Metal Base,MLRE-01,2100,2100,
143087,Hound Metal Base,MLRE-01,2100,2100,
125018,Yetta Stainless Steel Base - 2.1m x 1.1m,SLRE-02-1-2100,2400,2400,
125019,Yetta Stainless Steel Base - 2.4m x 1.2m,SLRE-02-1-2400,2400,2400,
119923,Nava Ash Wood Base,WLR-2B,2350,2350,
119923,Nava Ash Wood Base,WLR-2B,2350,2350,
119923,Nava Ash Wood Base,WLR-2B,2350,2350,
119923,Nava Ash Wood Base,WLR-2B,2350,2350,
119923,Nava Ash Wood Base,WLR-2B,2350,2350,
119923,Nava Ash Wood Base,WLR-2B,2350,2350,
119923,Nava Ash Wood Base,WLR-2B,2350,2350,
119923,Nava Ash Wood Base,WLR-2B,2350,2350,
119923,Nava Ash Wood Base,WLR-2B,2350,2350,
119923,Nava Ash Wood Base,WLR-2B,2350,2350,
149686,Nava Black Ash Wood Base,WLR-2B(Black),2350,2350,
149686,Nava Black Ash Wood Base,WLR-2B(Black),2350,2350,
149686,Nava Black Ash Wood Base,WLR-2B(Black),2350,2350,
149686,Nava Black Ash Wood Base,WLR-2B(Black),2350,2350,
149686,Nava Black Ash Wood Base,WLR-2B(Black),2350,2350,
149686,Nava Black Ash Wood Base,WLR-2B(Black),2350,2350,
149686,Nava Black Ash Wood Base,WLR-2B(Black),2350,2350,
149686,Nava Black Ash Wood Base,WLR-2B(Black),2350,2350,
149686,Nava Black Ash Wood Base,WLR-2B(Black),2350,2350,
149686,Nava Black Ash Wood Base,WLR-2B(Black),2350,2350,
119927,Neva Ash Wood Base,WLR-2A,2050,2050,
119927,Neva Ash Wood Base,WLR-2A,2050,2050,
119927,Neva Ash Wood Base,WLR-2A,2050,2050,
119927,Neva Ash Wood Base,WLR-2A,2050,2050,
119927,Neva Ash Wood Base,WLR-2A,2050,2050,
119927,Neva Ash Wood Base,WLR-2A,2050,2050,
119927,Neva Ash Wood Base,WLR-2A,2050,2050,
119927,Neva Ash Wood Base,WLR-2A,2050,2050,
119927,Neva Ash Wood Base,WLR-2A,2050,2050,
119927,Neva Ash Wood Base,WLR-2A,2050,2050,
149684,Neva Black Ash Wood Base,WLR-2A(Black),2050,2050,
149684,Neva Black Ash Wood Base,WLR-2A(Black),2050,2050,
149684,Neva Black Ash Wood Base,WLR-2A(Black),2050,2050,
149684,Neva Black Ash Wood Base,WLR-2A(Black),2050,2050,
149684,Neva Black Ash Wood Base,WLR-2A(Black),2050,2050,
149684,Neva Black Ash Wood Base,WLR-2A(Black),2050,2050,
149684,Neva Black Ash Wood Base,WLR-2A(Black),2050,2050,
149684,Neva Black Ash Wood Base,WLR-2A(Black),2050,2050,
149684,Neva Black Ash Wood Base,WLR-2A(Black),2050,2050,
149684,Neva Black Ash Wood Base,WLR-2A(Black),2050,2050,
119921,Paolo Ash Wood Base,WLRE-3A,1750,1750,
119921,Paolo Ash Wood Base,WLRE-3A,1750,1750,
119921,Paolo Ash Wood Base,WLRE-3A,1750,1750,
119921,Paolo Ash Wood Base,WLRE-3A,1750,1750,
119921,Paolo Ash Wood Base,WLRE-3A,1750,1750,
119921,Paolo Ash Wood Base,WLRE-3A,1750,1750,
119921,Paolo Ash Wood Base,WLRE-3A,1750,1750,
119921,Paolo Ash Wood Base,WLRE-3A,1750,1750,
119921,Paolo Ash Wood Base,WLRE-3A,1750,1750,
119921,Paolo Ash Wood Base,WLRE-3A,1750,1750,
149688,Paolo Black Ash Wood Base,WLRE-3A(Black),1750,1750,
149688,Paolo Black Ash Wood Base,WLRE-3A(Black),1750,1750,
149688,Paolo Black Ash Wood Base,WLRE-3A(Black),1750,1750,
149688,Paolo Black Ash Wood Base,WLRE-3A(Black),1750,1750,
149688,Paolo Black Ash Wood Base,WLRE-3A(Black),1750,1750,
149688,Paolo Black Ash Wood Base,WLRE-3A(Black),1750,1750,
149688,Paolo Black Ash Wood Base,WLRE-3A(Black),1750,1750,
149688,Paolo Black Ash Wood Base,WLRE-3A(Black),1750,1750,
149688,Paolo Black Ash Wood Base,WLRE-3A(Black),1750,1750,
149688,Paolo Black Ash Wood Base,WLRE-3A(Black),1750,1750,
119919,Pedro Ash Wood Base,WLRE-3B,2000,2000,
119919,Pedro Ash Wood Base,WLRE-3B,2000,2000,
119919,Pedro Ash Wood Base,WLRE-3B,2000,2000,
119919,Pedro Ash Wood Base,WLRE-3B,2000,2000,
119919,Pedro Ash Wood Base,WLRE-3B,2000,2000,
119919,Pedro Ash Wood Base,WLRE-3B,2000,2000,
119919,Pedro Ash Wood Base,WLRE-3B,2000,2000,
119919,Pedro Ash Wood Base,WLRE-3B,2000,2000,
119919,Pedro Ash Wood Base,WLRE-3B,2000,2000,
119919,Pedro Ash Wood Base,WLRE-3B,2000,2000,
149690,Pedro Black Ash Wood Base,WLRE-3B(Black),2000,2000,
149690,Pedro Black Ash Wood Base,WLRE-3B(Black),2000,2000,
149690,Pedro Black Ash Wood Base,WLRE-3B(Black),2000,2000,
149690,Pedro Black Ash Wood Base,WLRE-3B(Black),2000,2000,
149690,Pedro Black Ash Wood Base,WLRE-3B(Black),2000,2000,
149690,Pedro Black Ash Wood Base,WLRE-3B(Black),2000,2000,
149690,Pedro Black Ash Wood Base,WLRE-3B(Black),2000,2000,
149690,Pedro Black Ash Wood Base,WLRE-3B(Black),2000,2000,
149690,Pedro Black Ash Wood Base,WLRE-3B(Black),2000,2000,
149690,Pedro Black Ash Wood Base,WLRE-3B(Black),2000,2000,
117836,Beck Metal Base (Black) - 2.1m x 1.1m,L-35-2100,1400,1400,
117837,Beck Metal Base (Black) - 2.4m x 1.2m,L-35-2400,1400,1400,
118376,Hector Metal Base (Black) - 1.5m x 0.9m,,850,850,
118377,Hector Metal Base (Black) - 1.8m x 1.0m,,850,850,
96834,Harper Metal Leg – 1.5m (Gold) - 2.1m x 1.1m,L-19(1.5)-G_2100mm,1350,1350,
96835,Harper Metal Leg – 1.5m (Gold) - 2.4m x 1.2m,L-19(1.5)-G_2400mm,1350,1350,
54327,Tuxedo Pedestal Black Metal Leg,A-654,2100,2100,
54327,Tuxedo Pedestal Black Metal Leg,A-654,2100,2100,
54327,Tuxedo Pedestal Black Metal Leg,A-654,2100,2100,
54327,Tuxedo Pedestal Black Metal Leg,A-654,2100,2100,
54327,Tuxedo Pedestal Black Metal Leg,A-654,2100,2100,
54327,Tuxedo Pedestal Black Metal Leg,A-654,2100,2100,
54327,Tuxedo Pedestal Black Metal Leg,A-654,2100,2100,
54327,Tuxedo Pedestal Black Metal Leg,A-654,2100,2100,
54327,Tuxedo Pedestal Black Metal Leg,A-654,2100,2100,
54327,Tuxedo Pedestal Black Metal Leg,A-654,2100,2100,
42387,Boville Black Metal Base (110),A-518(110),1600,1600,
42387,Boville Black Metal Base (110),A-518(110),1600,1600,
42387,Boville Black Metal Base (110),A-518(110),1600,1600,
42387,Boville Black Metal Base (110),A-518(110),1600,1600,
42387,Boville Black Metal Base (110),A-518(110),1600,1600,
42387,Boville Black Metal Base (110),A-518(110),1600,1600,
42387,Boville Black Metal Base (110),A-518(110),1600,1600,
42387,Boville Black Metal Base (110),A-518(110),1600,1600,
42387,Boville Black Metal Base (110),A-518(110),1600,1600,
42387,Boville Black Metal Base (110),A-518(110),1600,1600,
42386,Boville Black Metal Base (90),A-518(90),1400,1400,
42386,Boville Black Metal Base (90),A-518(90),1400,1400,
42386,Boville Black Metal Base (90),A-518(90),1400,1400,
42386,Boville Black Metal Base (90),A-518(90),1400,1400,
42386,Boville Black Metal Base (90),A-518(90),1400,1400,
42386,Boville Black Metal Base (90),A-518(90),1400,1400,
42386,Boville Black Metal Base (90),A-518(90),1400,1400,
42386,Boville Black Metal Base (90),A-518(90),1400,1400,
42386,Boville Black Metal Base (90),A-518(90),1400,1400,
42386,Boville Black Metal Base (90),A-518(90),1400,1400,
51853,Crooks Metal Base - 0.7m (Gold) - Ø1.0m,L11G-0.7m(Ø1.0m),900,900,
42533,Crooks Metal Base - 0.7m (Gold) - Ø1.3m,L11G-0.7m(Ø1.3m),900,900,
42536,Crooks Metal Base - 0.8m (Gold) - Ø1.5m,L11G-0.8m_1.5x1.5m,950,950,
42384,Domingo Pedestal Black Gold Metal Base,1815A,1950,1950,
42384,Domingo Pedestal Black Gold Metal Base,1815A,1950,1950,
42384,Domingo Pedestal Black Gold Metal Base,1815A,1950,1950,
42384,Domingo Pedestal Black Gold Metal Base,1815A,1950,1950,
42384,Domingo Pedestal Black Gold Metal Base,1815A,1950,1950,
42384,Domingo Pedestal Black Gold Metal Base,1815A,1950,1950,
42384,Domingo Pedestal Black Gold Metal Base,1815A,1950,1950,
42384,Domingo Pedestal Black Gold Metal Base,1815A,1950,1950,
42384,Domingo Pedestal Black Gold Metal Base,1815A,1950,1950,
42384,Domingo Pedestal Black Gold Metal Base,1815A,1950,1950,
42385,Otto Pedestal Black Gold Metal Base,1817A,1650,1650,
42385,Otto Pedestal Black Gold Metal Base,1817A,1650,1650,
42385,Otto Pedestal Black Gold Metal Base,1817A,1650,1650,
42385,Otto Pedestal Black Gold Metal Base,1817A,1650,1650,
42385,Otto Pedestal Black Gold Metal Base,1817A,1650,1650,
42385,Otto Pedestal Black Gold Metal Base,1817A,1650,1650,
42385,Otto Pedestal Black Gold Metal Base,1817A,1650,1650,
42385,Otto Pedestal Black Gold Metal Base,1817A,1650,1650,
42385,Otto Pedestal Black Gold Metal Base,1817A,1650,1650,
42385,Otto Pedestal Black Gold Metal Base,1817A,1650,1650,
22880,Winola Black Metal Base,A-428,2600,2600,
22880,Winola Black Metal Base,A-428,2600,2600,
22880,Winola Black Metal Base,A-428,2600,2600,
22880,Winola Black Metal Base,A-428,2600,2600,
22880,Winola Black Metal Base,A-428,2600,2600,
22880,Winola Black Metal Base,A-428,2600,2600,
22880,Winola Black Metal Base,A-428,2600,2600,
22880,Winola Black Metal Base,A-428,2600,2600,
22880,Winola Black Metal Base,A-428,2600,2600,
22880,Winola Black Metal Base,A-428,2600,2600,
22956,Waverly Black Metal Base,A-591,2800,2800,
22956,Waverly Black Metal Base,A-591,2800,2800,
22956,Waverly Black Metal Base,A-591,2800,2800,
22956,Waverly Black Metal Base,A-591,2800,2800,
22956,Waverly Black Metal Base,A-591,2800,2800,
22956,Waverly Black Metal Base,A-591,2800,2800,
22956,Waverly Black Metal Base,A-591,2800,2800,
22956,Waverly Black Metal Base,A-591,2800,2800,
22956,Waverly Black Metal Base,A-591,2800,2800,
22956,Waverly Black Metal Base,A-591,2800,2800,
23555,Adelaide Wooden Base,Adelaide 2408 Leg,1300,1300,
23555,Adelaide Wooden Base,Adelaide 2408 Leg,1300,1300,
23555,Adelaide Wooden Base,Adelaide 2408 Leg,1300,1300,
23555,Adelaide Wooden Base,Adelaide 2408 Leg,1300,1300,
23555,Adelaide Wooden Base,Adelaide 2408 Leg,1300,1300,
23555,Adelaide Wooden Base,Adelaide 2408 Leg,1300,1300,
23555,Adelaide Wooden Base,Adelaide 2408 Leg,1300,1300,
23555,Adelaide Wooden Base,Adelaide 2408 Leg,1300,1300,
23555,Adelaide Wooden Base,Adelaide 2408 Leg,1300,1300,
23555,Adelaide Wooden Base,Adelaide 2408 Leg,1300,1300,
141371,Rovato Solid Rubberwood Base,WLR-6A,1800,1800,
141371,Rovato Solid Rubberwood Base,WLR-6A,1800,1800,
141371,Rovato Solid Rubberwood Base,WLR-6A,1800,1800,
141371,Rovato Solid Rubberwood Base,WLR-6A,1800,1800,
141371,Rovato Solid Rubberwood Base,WLR-6A,1800,1800,
141371,Rovato Solid Rubberwood Base,WLR-6A,1800,1800,
141371,Rovato Solid Rubberwood Base,WLR-6A,1800,1800,
141371,Rovato Solid Rubberwood Base,WLR-6A,1800,1800,
141371,Rovato Solid Rubberwood Base,WLR-6A,1800,1800,
141371,Rovato Solid Rubberwood Base,WLR-6A,1800,1800,
41578,Roch Metal Base - 1.5m x 0.9m,C24-1-1500,1400,1400,
17634,Roch Metal Base - 1.8m x 1.0m,C24-1-1800,1400,1400,
17635,Roch Metal Base - 2.1m x 1.1m,C24-1-2100,1400,1400,
61792,Roch Metal Base - 2.4m x 1.2m,C24-1-2400,1400,1400,
44023,Roch Metal Base (Gold) - 1.5m x 0.9m,C24-1-G-1500,1500,1500,
44024,Roch Metal Base (Gold) - 1.8m x 1.0m,C24-1-G-1800,1500,1500,
44025,Roch Metal Base (Gold) - 2.1m x 1.1m,C24-1-G-2100,1500,1500,
61790,Roch Metal Base (Gold) - 2.4m x 1.2m,C24-1-G-2400,1500,1500,
51852,Crooks Metal Base - Ø1.0m,L11-1-0.7m(Ø1.0m),800,800,
23560,Crooks Metal Base - Ø1.3m,L11-1-0.7m(Ø1.3m),800,800,
23561,Crooks Metal Base - Ø1.5m,L11-0.8m(Ø1.5m),850,850,
22959,Shaun Metal Base - 1.8m x 1.0m,L12-1.3m_1800mm,980,980,
22960,Shaun Metal Base - 2.1m x 1.1m,L12-1.6m_2100mm,1150,1150,
22961,Shaun Metal Base - 2.4m x 1.2m,L12-1.6m_2400mm,1150,1150,
42529,Shaun Metal Leg - 1.3m (Gold) - 1.8m x 1.0m,L12G-1.3m_1800mm,1080,1080,
39265,Shaun Metal Leg - 1.6m (Gold) - 2.1m x 1.1m,L12G-1.6m_2100mm,1250,1250,
39266,Shaun Metal Leg - 1.6m (Gold) - 2.4m x 1.2m,L12G-1.6m_2400mm,1250,1250,
23551,Wilmer Black Metal Base,A-473,2000,2000,
23551,Wilmer Black Metal Base,A-473,2000,2000,
23551,Wilmer Black Metal Base,A-473,2000,2000,
23551,Wilmer Black Metal Base,A-473,2000,2000,
23551,Wilmer Black Metal Base,A-473,2000,2000,
23551,Wilmer Black Metal Base,A-473,2000,2000,
23551,Wilmer Black Metal Base,A-473,2000,2000,
23551,Wilmer Black Metal Base,A-473,2000,2000,
23551,Wilmer Black Metal Base,A-473,2000,2000,
23551,Wilmer Black Metal Base,A-473,2000,2000,
62849,Wilmer Black Metal Base (4 Legs),A-473 (4 legs),2600,2600,
62849,Wilmer Black Metal Base (4 Legs),A-473 (4 legs),2600,2600,
62849,Wilmer Black Metal Base (4 Legs),A-473 (4 legs),2600,2600,
62849,Wilmer Black Metal Base (4 Legs),A-473 (4 legs),2600,2600,
62849,Wilmer Black Metal Base (4 Legs),A-473 (4 legs),2600,2600,
62849,Wilmer Black Metal Base (4 Legs),A-473 (4 legs),2600,2600,
62849,Wilmer Black Metal Base (4 Legs),A-473 (4 legs),2600,2600,
62849,Wilmer Black Metal Base (4 Legs),A-473 (4 legs),2600,2600,
62849,Wilmer Black Metal Base (4 Legs),A-473 (4 legs),2600,2600,
62849,Wilmer Black Metal Base (4 Legs),A-473 (4 legs),2600,2600,
17642,Tricia Metal Base,L22,1000,1000,
17642,Tricia Metal Base,L22,1000,1000,
17642,Tricia Metal Base,L22,1000,1000,
17642,Tricia Metal Base,L22,1000,1000,
17642,Tricia Metal Base,L22,1000,1000,
17642,Tricia Metal Base,L22,1000,1000,
17642,Tricia Metal Base,L22,1000,1000,
17642,Tricia Metal Base,L22,1000,1000,
17642,Tricia Metal Base,L22,1000,1000,
17642,Tricia Metal Base,L22,1000,1000,
17640,Malta Metal Base,Malta 5127-C-1,650,650,
17640,Malta Metal Base,Malta 5127-C-1,650,650,
17640,Malta Metal Base,Malta 5127-C-1,650,650,
17640,Malta Metal Base,Malta 5127-C-1,650,650,
17640,Malta Metal Base,Malta 5127-C-1,650,650,
17640,Malta Metal Base,Malta 5127-C-1,650,650,
17640,Malta Metal Base,Malta 5127-C-1,650,650,
17640,Malta Metal Base,Malta 5127-C-1,650,650,
17640,Malta Metal Base,Malta 5127-C-1,650,650,
17640,Malta Metal Base,Malta 5127-C-1,650,650,
44032,Malta Metal Base (Gold),Malta 5127-C-1G,750,750,
44032,Malta Metal Base (Gold),Malta 5127-C-1G,750,750,
44032,Malta Metal Base (Gold),Malta 5127-C-1G,750,750,
44032,Malta Metal Base (Gold),Malta 5127-C-1G,750,750,
44032,Malta Metal Base (Gold),Malta 5127-C-1G,750,750,
44032,Malta Metal Base (Gold),Malta 5127-C-1G,750,750,
44032,Malta Metal Base (Gold),Malta 5127-C-1G,750,750,
44032,Malta Metal Base (Gold),Malta 5127-C-1G,750,750,
44032,Malta Metal Base (Gold),Malta 5127-C-1G,750,750,
44032,Malta Metal Base (Gold),Malta 5127-C-1G,750,750,